{
  "oracle_cost": 0.2537936707898958,
  "models": {
    "Logistic Reg.": {
      "acc": 0.79855,
      "top3": 0.9912,
      "cost_gap": -0.017910205617633294,
      "lat_us": 626.188583,
      "train_s": 65.0865797996521
    },
    "Random Forest": {
      "acc": 0.99005,
      "top3": 0.99995,
      "cost_gap": -0.0011557742548047615,
      "lat_us": 8067.587208999999,
      "train_s": 49.62904095649719
    },
    "XGBoost": {
      "acc": 0.9931,
      "top3": 0.99995,
      "cost_gap": -0.0026960248670474143,
      "lat_us": 1832.113875,
      "train_s": 24.03232502937317
    },
    "MLP (CE)": {
      "acc": 0.8901,
      "top3": 0.9988,
      "cost_gap": -0.01268266743547653,
      "lat_us": 65.563208,
      "train_s": 208.90863013267517
    },
    "MLP (PPO)": {
      "acc": 0.21525,
      "top3": 0.80675,
      "cost_gap": 1.4003031206265841,
      "lat_us": 118.670708,
      "train_s": 10.297291040420532
    }
  }
}